{
    "img_21169": {
        "x_pre": [
            -97,
            -7,
            1,
            -18,
            -6,
            0
        ],
        "value_pre": [
            31.47361183166504,
            13.573792457580566,
            9.781461715698242,
            23.739728927612305,
            11.460906028747559,
            20.804058074951172
        ],
        "x_true": [
            -98,
            -7,
            1,
            -18,
            -6,
            0
        ],
        "topk2": [
            -98,
            -8,
            2,
            -16,
            -8,
            -2
        ],
        "value_topk2": [
            30.291397094726562,
            6.2735395431518555,
            7.279863357543945,
            21.24100112915039,
            9.372248649597168,
            17.609399795532227
        ]
    },
    "img_3734": {
        "x_pre": [
            -84,
            -3,
            -4,
            -16,
            0,
            -14
        ],
        "value_pre": [
            20.342361450195312,
            14.763829231262207,
            37.81493377685547,
            17.125072479248047,
            3.924989700317383,
            20.53777503967285
        ],
        "x_true": [
            -84,
            -3,
            -4,
            -16,
            2,
            -14
        ],
        "topk2": [
            -83,
            -2,
            -3,
            -14,
            2,
            -16
        ],
        "value_topk2": [
            16.63231086730957,
            9.684389114379883,
            34.72012710571289,
            16.38515853881836,
            3.8433094024658203,
            19.70000457763672
        ]
    },
    "img_27705": {
        "x_pre": [
            -82,
            6,
            -4,
            -20,
            6,
            -16
        ],
        "value_pre": [
            30.246089935302734,
            7.7743449211120605,
            28.679187774658203,
            10.631354331970215,
            5.15109395980835,
            12.212398529052734
        ],
        "x_true": [
            -82,
            6,
            -4,
            -18,
            4,
            -16
        ],
        "topk2": [
            -83,
            7,
            -3,
            -18,
            8,
            -14
        ],
        "value_topk2": [
            22.708520889282227,
            3.4357285499572754,
            26.156164169311523,
            10.502646446228027,
            4.892265319824219,
            11.635857582092285
        ]
    },
    "img_12659": {
        "x_pre": [
            -86,
            -6,
            -4,
            -4,
            -6,
            14
        ],
        "value_pre": [
            18.215349197387695,
            7.093288421630859,
            44.9377326965332,
            22.315797805786133,
            16.784902572631836,
            27.066631317138672
        ],
        "x_true": [
            -86,
            -6,
            -4,
            -6,
            -6,
            14
        ],
        "topk2": [
            -85,
            -5,
            -3,
            -6,
            -4,
            12
        ],
        "value_topk2": [
            13.660024642944336,
            -1.0714218616485596,
            40.319366455078125,
            22.138769149780273,
            13.146167755126953,
            22.51352310180664
        ]
    },
    "img_13765": {
        "x_pre": [
            -95,
            -4,
            -2,
            -8,
            -4,
            4
        ],
        "value_pre": [
            20.12737274169922,
            16.099512100219727,
            14.046581268310547,
            24.60252571105957,
            13.208791732788086,
            24.45108985900879
        ],
        "x_true": [
            -95,
            -4,
            -2,
            -8,
            -2,
            4
        ],
        "topk2": [
            -94,
            -5,
            -1,
            -10,
            -2,
            6
        ],
        "value_topk2": [
            17.761795043945312,
            8.050249099731445,
            10.16428279876709,
            20.95600128173828,
            11.306877136230469,
            20.116924285888672
        ]
    },
    "img_15604": {
        "x_pre": [
            -89,
            -8,
            -4,
            -20,
            -6,
            -2
        ],
        "value_pre": [
            9.906633377075195,
            41.14552307128906,
            41.62978744506836,
            14.71340274810791,
            6.483773231506348,
            19.6906795501709
        ],
        "x_true": [
            -90,
            -8,
            -4,
            -18,
            -8,
            -2
        ],
        "topk2": [
            -90,
            8,
            -3,
            -18,
            -8,
            0
        ],
        "value_topk2": [
            9.010607719421387,
            30.411136627197266,
            37.120826721191406,
            14.245335578918457,
            6.187101364135742,
            19.02268409729004
        ]
    },
    "img_23172": {
        "x_pre": [
            -86,
            -6,
            -4,
            -18,
            -4,
            -4
        ],
        "value_pre": [
            14.513350486755371,
            8.411378860473633,
            41.0920295715332,
            10.042457580566406,
            4.8407697677612305,
            20.91751480102539
        ],
        "x_true": [
            -87,
            -6,
            -4,
            -20,
            -8,
            -6
        ],
        "topk2": [
            -87,
            -7,
            -3,
            -16,
            -6,
            -6
        ],
        "value_topk2": [
            14.418917655944824,
            2.1845920085906982,
            37.0570182800293,
            9.413005828857422,
            4.708186149597168,
            18.865737915039062
        ]
    },
    "img_12184": {
        "x_pre": [
            -85,
            -7,
            1,
            -14,
            -6,
            -12
        ],
        "value_pre": [
            30.897546768188477,
            15.542978286743164,
            11.379622459411621,
            23.059738159179688,
            16.771482467651367,
            27.239410400390625
        ],
        "x_true": [
            -85,
            -7,
            1,
            -14,
            -8,
            -12
        ],
        "topk2": [
            -84,
            -6,
            0,
            -12,
            -8,
            -10
        ],
        "value_topk2": [
            24.654552459716797,
            9.308182716369629,
            7.461038589477539,
            19.84187126159668,
            16.42428970336914,
            23.859987258911133
        ]
    },
    "img_29625": {
        "x_pre": [
            -90,
            -3,
            -4,
            -14,
            -2,
            -18
        ],
        "value_pre": [
            11.351113319396973,
            11.419184684753418,
            46.27933120727539,
            18.93389320373535,
            4.994701862335205,
            26.252540588378906
        ],
        "x_true": [
            -90,
            -3,
            -4,
            -14,
            0,
            -18
        ],
        "topk2": [
            -89,
            -4,
            -3,
            -12,
            0,
            -20
        ],
        "value_topk2": [
            10.429472923278809,
            6.726375102996826,
            41.0244255065918,
            17.179391860961914,
            4.9131598472595215,
            23.14899253845215
        ]
    },
    "img_31394": {
        "x_pre": [
            -89,
            7,
            -4,
            -2,
            -6,
            18
        ],